,region,value1,value
1,1001,14429,18
2,1003,11483,44
3,1005,729,25
4,1007,7397,24
5,1009,16233,44
6,1011,1641,12
7,1013,4974,58
8,1015,19781,58
9,1017,3112,57
10,1019,18922,22
11,1021,12113,22
12,1023,5266,18
13,1025,10121,56
14,1027,2797,4
15,1029,12020,16
16,1031,14290,20
17,1033,621,31
18,1035,7386,30
19,1037,4103,58
20,1039,7285,32
21,1041,7,46
22,1043,18773,9
23,1045,9928,42
24,1047,4824,6
25,1049,1093,11
26,1051,10922,12
27,1053,11728,19
28,1055,16598,32
29,1057,1958,9
30,1059,11144,14
31,1061,11784,61
32,1063,16061,46
33,1065,14905,20
34,1067,331,22
35,1069,1384,21
36,1071,6117,31
37,1073,19858,19
38,1075,14885,50
39,1077,13486,16
40,1079,16864,45
41,1081,8942,7
42,1083,12093,47
43,1085,14318,19
44,1087,13976,63
45,1089,7578,4
46,1091,13537,58
47,1093,7961,60
48,1095,11390,14
49,1097,11106,46
50,1099,16442,8
51,1101,7413,7
52,1103,17632,62
53,1105,19543,19
54,1107,6805,33
55,1109,16501,31
56,1111,10351,0
57,1113,3314,24
58,1115,1493,13
59,1117,5353,33
60,1119,7918,57
61,1121,15268,23
62,1123,5837,2
63,1125,15506,63
64,1127,17334,52
65,1129,7920,16
66,1131,15166,35
67,1133,16445,0
68,2013,13523,0
69,2016,4571,11
70,2020,2482,46
71,2050,8304,47
72,2060,3363,1
73,2068,3533,9
74,2070,16531,50
75,2090,2693,32
76,2100,15561,42
77,2105,16436,8
78,2110,10989,10
79,2122,17643,10
80,2130,6632,40
81,2150,17357,18
82,2164,15016,46
83,2170,1498,15
84,2180,17308,5
85,2185,15912,38
86,2188,8541,29
87,2195,15504,13
88,2198,8913,58
89,2220,11734,3
90,2230,15598,33
91,2240,9755,62
92,2261,18203,24
93,2270,17839,53
94,2275,10379,43
95,2282,19240,46
96,2290,7140,29
97,4001,1973,61
98,4003,15414,7
99,4005,19255,18
100,4007,5077,1
101,4009,7390,63
102,4011,13291,63
103,4012,7346,62
104,4013,18520,39
105,4015,2527,20
106,4017,19140,50
107,4019,11647,9
108,4021,17648,2
109,4023,12358,34
110,4025,8468,34
111,4027,19397,15
112,5001,17645,18
113,5003,41,27
114,5005,11255,56
115,5007,19298,12
116,5009,6009,40
117,5011,10321,1
118,5013,13381,19
119,5015,12204,14
120,5017,10714,56
121,5019,14983,19
122,5021,12731,58
123,5023,18680,53
124,5025,572,34
125,5027,2427,22
126,5029,9759,30
127,5031,15499,52
128,5033,13698,30
129,5035,16117,28
130,5037,7917,16
131,5039,1624,12
132,5041,1590,9
133,5043,17199,46
134,5045,12425,16
135,5047,9381,40
136,5049,17736,48
137,5051,17441,8
138,5053,10544,32
139,5055,165,18
140,5057,9256,39
141,5059,1872,29
142,5061,19038,57
143,5063,10483,45
144,5065,5816,10
145,5067,1989,45
146,5069,1620,21
147,5071,15707,6
148,5073,8253,45
149,5075,15068,2
150,5077,4875,49
151,5079,17000,9
152,5081,262,27
153,5083,2414,59
154,5085,3337,27
155,5087,3859,58
156,5089,5471,18
157,5091,15255,1
158,5093,4131,2
159,5095,1505,52
160,5097,6627,44
161,5099,14404,42
162,5101,8503,49
163,5103,16758,45
164,5105,14164,53
165,5107,12905,16
166,5109,14848,18
167,5111,5544,51
168,5113,1424,15
169,5115,3647,37
170,5117,18576,15
171,5119,1257,32
172,5121,3976,51
173,5123,11668,38
174,5125,12759,59
175,5127,2852,34
176,5129,3217,42
177,5131,8077,53
178,5133,6223,36
179,5135,16672,36
180,5137,4197,52
181,5139,18513,42
182,5141,16466,24
183,5143,10381,32
184,5145,15241,50
185,5147,5367,33
186,5149,12933,12
187,6001,513,47
188,6003,11096,15
189,6005,15594,58
190,6007,2081,29
191,6009,12357,11
192,6011,2485,41
193,6013,505,33
194,6015,17153,47
195,6017,10773,53
196,6019,17690,10
197,6021,3574,33
198,6023,17811,7
199,6025,562,27
200,6027,2914,13
201,6029,2650,9
202,6031,5126,44
203,6033,5368,23
204,6035,17768,41
205,6037,19459,60
206,6039,1982,21
207,6041,2068,26
208,6043,9069,48
209,6045,17489,56
210,6047,6025,54
211,6049,59,42
212,6051,81,15
213,6053,62,23
214,6055,19122,13
215,6057,12825,63
216,6059,11222,54
217,6061,18561,21
218,6063,9022,18
219,6065,19363,38
220,6067,4079,5
221,6069,17074,15
222,6071,9834,40
223,6073,4102,5
224,6075,6839,4
225,6077,1511,43
226,6079,18703,5
227,6081,7583,54
228,6083,3178,8
229,6085,18871,51
230,6087,9945,59
231,6089,9112,46
232,6091,3564,61
233,6093,12018,53
234,6095,12646,16
235,6097,18077,0
236,6099,10266,53
237,6101,8974,55
238,6103,1862,7
239,6105,2179,3
240,6107,6575,43
241,6109,10176,14
242,6111,5532,3
243,6113,17765,39
244,6115,4724,50
245,8001,6259,5
246,8003,3202,62
247,8005,16036,16
248,8007,4933,26
249,8009,8453,44
250,8011,7603,24
251,8013,8132,5
252,8014,13260,8
253,8015,7139,25
254,8017,1323,42
255,8019,13453,24
256,8021,928,38
257,8023,18072,12
258,8025,6126,4
259,8027,10446,4
260,8029,6360,63
261,8031,4055,60
262,8033,18306,20
263,8035,14070,46
264,8037,4715,60
265,8039,4547,44
266,8041,12249,35
267,8043,14552,43
268,8045,15976,28
269,8047,3152,29
270,8049,4973,6
271,8051,7199,59
272,8053,18917,0
273,8055,13425,28
274,8057,4729,14
275,8059,18589,23
276,8061,12271,24
277,8063,11142,53
278,8065,7696,42
279,8067,13156,20
280,8069,13923,53
281,8071,4459,54
282,8073,17072,50
283,8075,15040,60
284,8077,14989,36
285,8079,8089,31
286,8081,3480,44
287,8083,15913,54
288,8085,17611,16
289,8087,2111,5
290,8089,13545,25
291,8091,5293,56
292,8093,7378,26
293,8095,2343,16
294,8097,4220,13
295,8099,16314,28
296,8101,13921,8
297,8103,18923,4
298,8105,4333,41
299,8107,6800,15
300,8109,6552,61
301,8111,4230,4
302,8113,7465,50
303,8115,6490,24
304,8117,17271,38
305,8119,4976,0
306,8121,15098,27
307,8123,9783,46
308,8125,334,0
309,9001,13592,5
310,9003,10452,47
311,9005,14084,41
312,9007,17961,59
313,9009,11776,43
314,9011,10003,10
315,9013,3886,63
316,9015,14869,25
317,10001,14563,51
318,10003,16795,36
319,10005,17253,58
320,11001,16829,39
321,12001,16879,33
322,12003,11947,32
323,12005,5265,60
324,12007,14867,56
325,12009,94,53
326,12011,9880,32
327,12013,14170,43
328,12015,11727,20
329,12017,6792,58
330,12019,12794,18
331,12021,18222,16
332,12023,7403,7
333,12027,18038,61
334,12029,6061,24
335,12031,9606,54
336,12033,16343,51
337,12035,10763,21
338,12037,5004,58
339,12039,10479,4
340,12041,2672,11
341,12043,6052,10
342,12045,8956,30
343,12047,19527,43
344,12049,5270,17
345,12051,12391,20
346,12053,3553,42
347,12055,3773,40
348,12057,1668,22
349,12059,12380,55
350,12061,10597,18
351,12063,1343,18
352,12065,17244,2
353,12067,6701,33
354,12069,12074,36
355,12071,15678,39
356,12073,10296,46
357,12075,11943,32
358,12077,15406,59
359,12079,4284,30
360,12081,5560,22
361,12083,10816,17
362,12085,18322,8
363,12086,12926,44
364,12087,9139,7
365,12089,18046,57
366,12091,8365,24
367,12093,17165,14
368,12095,845,23
369,12097,7193,40
370,12099,8664,53
371,12101,1881,52
372,12103,6510,19
373,12105,12221,42
374,12107,4,51
375,12109,18796,10
376,12111,3080,58
377,12113,4382,36
378,12115,9550,45
379,12117,4707,16
380,12119,15115,49
381,12121,8659,53
382,12123,6839,44
383,12125,6393,11
384,12127,6702,27
385,12129,12980,37
386,12131,5933,17
387,12133,2752,45
388,13001,4157,30
389,13003,15993,24
390,13005,11797,43
391,13007,15540,50
392,13009,19815,31
393,13011,1131,21
394,13013,2999,8
395,13015,12444,31
396,13017,8588,52
397,13019,153,32
398,13021,6553,63
399,13023,11403,19
400,13025,4695,47
401,13027,6604,4
402,13029,130,17
403,13031,18241,47
404,13033,19903,24
405,13035,4286,31
406,13037,12175,1
407,13039,11049,33
408,13043,8838,30
409,13045,14060,13
410,13047,6189,59
411,13049,3029,62
412,13051,16485,36
413,13053,11472,58
414,13055,11959,30
415,13057,3585,21
416,13059,8178,9
417,13061,888,28
418,13063,5364,57
419,13065,11213,8
420,13067,18357,29
421,13069,1386,24
422,13071,13120,45
423,13073,19573,33
424,13075,16145,63
425,13077,1367,33
426,13079,6690,19
427,13081,17051,5
428,13083,4762,38
429,13085,13776,29
430,13087,16843,22
431,13089,10699,30
432,13091,405,10
433,13093,13025,8
434,13095,12381,15
435,13097,12995,63
436,13099,656,57
437,13101,4743,26
438,13103,6800,44
439,13105,12937,50
440,13107,15341,29
441,13109,15809,34
442,13111,14455,13
443,13113,8660,56
444,13115,14471,25
445,13117,11114,1
446,13119,18361,14
447,13121,4202,57
448,13123,8325,36
449,13125,16702,12
450,13127,12788,58
451,13129,9257,35
452,13131,12920,31
453,13133,16109,1
454,13135,11567,40
455,13137,19841,12
456,13139,1847,47
457,13141,19557,32
458,13143,17498,16
459,13145,6144,50
460,13147,16758,37
461,13149,10445,10
462,13151,18043,1
463,13153,13176,9
464,13155,4050,19
465,13157,688,25
466,13159,13386,13
467,13161,15002,27
468,13163,18396,62
469,13165,3656,56
470,13167,6524,1
471,13169,12976,22
472,13171,10006,59
473,13173,4116,20
474,13175,1855,11
475,13177,11440,2
476,13179,11473,4
477,13181,4898,38
478,13183,1695,25
479,13185,13856,57
480,13187,3751,12
481,13189,5265,63
482,13191,9903,38
483,13193,17876,26
484,13195,10683,48
485,13197,2191,53
486,13199,10485,8
487,13201,551,9
488,13205,4649,6
489,13207,17404,58
490,13209,19324,15
491,13211,19665,1
492,13213,4790,35
493,13215,13398,29
494,13217,3372,40
495,13219,12885,48
496,13221,2314,18
497,13223,17109,18
498,13225,13075,10
499,13227,1178,10
500,13229,12958,58
501,13231,15803,9
502,13233,10115,52
503,13235,8739,48
504,13237,3329,20
505,13239,9303,52
506,13241,19727,14
507,13243,6777,36
508,13245,6102,50
509,13247,19587,41
510,13249,10114,9
511,13251,4130,15
512,13253,6486,46
513,13255,18838,61
514,13257,17217,63
515,13259,4354,8
516,13261,13849,32
517,13263,11401,55
518,13265,15950,5
519,13267,12251,4
520,13269,13735,61
521,13271,12152,30
522,13273,10859,18
523,13275,17857,20
524,13277,81,56
525,13279,6285,18
526,13281,9446,41
527,13283,17640,6
528,13285,6153,30
529,13287,10301,51
530,13289,8474,31
531,13291,17850,27
532,13293,13840,5
533,13295,14809,48
534,13297,18078,12
535,13299,18008,33
536,13301,7552,9
537,13303,12933,22
538,13305,16096,1
539,13307,17615,18
540,13309,17185,57
541,13311,18634,36
542,13313,6812,34
543,13315,11126,0
544,13317,10982,20
545,13319,5798,27
546,13321,3183,47
547,15001,7572,34
548,15003,6601,17
549,15005,15620,31
550,15007,5629,54
551,15009,17691,29
552,16001,14,6
553,16003,6212,8
554,16005,3046,56
555,16007,12753,59
556,16009,12167,48
557,16011,690,1
558,16013,6967,52
559,16015,11825,48
560,16017,7574,24
561,16019,9881,48
562,16021,9697,21
563,16023,1475,44
564,16025,3582,8
565,16027,4983,26
566,16029,10726,57
567,16031,4028,54
568,16033,7308,38
569,16035,559,61
570,16037,16078,22
571,16039,14861,5
572,16041,5917,29
573,16043,15223,3
574,16045,11184,18
575,16047,6886,37
576,16049,9565,23
577,16051,2230,58
578,16053,13610,3
579,16055,15344,2
580,16057,10208,51
581,16059,1218,53
582,16061,2341,45
583,16063,3850,10
584,16065,16875,45
585,16067,15264,0
586,16069,2033,60
587,16071,6813,7
588,16073,19971,32
589,16075,3087,15
590,16077,6507,12
591,16079,11275,53
592,16081,16556,39
593,16083,17865,5
594,16085,327,41
595,16087,15113,29
596,17001,9964,46
597,17003,18659,18
598,17005,9313,43
599,17007,10415,63
600,17009,983,38
601,17011,6961,44
602,17013,15137,50
603,17015,15948,20
604,17017,3765,47
605,17019,8113,32
606,17021,7338,29
607,17023,7079,19
608,17025,13872,48
609,17027,3846,39
610,17029,3977,45
611,17031,17160,55
612,17033,1606,20
613,17035,16239,62
614,17037,7859,4
615,17039,3672,3
616,17041,15317,5
617,17043,11589,39
618,17045,12646,31
619,17047,19612,6
620,17049,9368,20
621,17051,3244,38
622,17053,1346,48
623,17055,2334,23
624,17057,3040,5
625,17059,1979,48
626,17061,5065,10
627,17063,9231,10
628,17065,17422,21
629,17067,15218,39
630,17069,321,14
631,17071,5926,42
632,17073,5724,45
633,17075,11531,21
634,17077,17436,12
635,17079,4435,50
636,17081,10577,12
637,17083,11483,34
638,17085,995,52
639,17087,3610,33
640,17089,1538,46
641,17091,62,29
642,17093,17486,9
643,17095,8049,7
644,17097,338,27
645,17099,18501,46
646,17101,1301,44
647,17103,9897,11
648,17105,7909,2
649,17107,9039,62
650,17109,13663,61
651,17111,15858,5
652,17113,3214,9
653,17115,196,58
654,17117,12501,5
655,17119,595,29
656,17121,2320,17
657,17123,6349,19
658,17125,16993,27
659,17127,18693,62
660,17129,12428,13
661,17131,1141,8
662,17133,17226,3
663,17135,6609,55
664,17137,10279,30
665,17139,17102,2
666,17141,12274,25
667,17143,5417,2
668,17145,13849,57
669,17147,2251,15
670,17149,9060,32
671,17151,18621,44
672,17153,2890,36
673,17155,9185,1
674,17157,13922,15
675,17159,1460,11
676,17161,11973,43
677,17163,11692,14
678,17165,10283,37
679,17167,15064,17
680,17169,4211,58
681,17171,13147,58
682,17173,10804,6
683,17175,9824,53
684,17177,6956,6
685,17179,15334,32
686,17181,1998,12
687,17183,2669,18
688,17185,4184,25
689,17187,17358,32
690,17189,760,41
691,17191,14107,44
692,17193,17626,57
693,17195,16694,53
694,17197,11469,34
695,17199,16375,54
696,17201,17275,8
697,17203,18333,21
698,18001,6616,38
699,18003,2847,46
700,18005,3210,41
701,18007,14073,54
702,18009,7224,12
703,18011,16783,62
704,18013,8987,50
705,18015,7111,57
706,18017,10296,48
707,18019,2663,9
708,18021,11980,16
709,18023,9558,54
710,18025,15071,17
711,18027,6616,27
712,18029,7716,56
713,18031,1667,34
714,18033,454,53
715,18035,18601,57
716,18037,7380,18
717,18039,8249,52
718,18041,18850,58
719,18043,16997,35
720,18045,8616,58
721,18047,16469,27
722,18049,6158,23
723,18051,1581,21
724,18053,19135,21
725,18055,4719,8
726,18057,2086,22
727,18059,14950,24
728,18061,4629,62
729,18063,1483,39
730,18065,18335,57
731,18067,18770,17
732,18069,10608,22
733,18071,13002,51
734,18073,4156,42
735,18075,11740,22
736,18077,11352,50
737,18079,10806,52
738,18081,7641,6
739,18083,17264,5
740,18085,7811,60
741,18087,352,60
742,18089,1962,53
743,18091,1342,21
744,18093,19868,7
745,18095,19806,36
746,18097,13846,25
747,18099,17168,3
748,18101,16995,21
749,18103,15669,41
750,18105,13152,32
751,18107,8565,47
752,18109,18616,61
753,18111,9447,27
754,18113,3347,23
755,18115,10696,25
756,18117,1307,5
757,18119,19113,21
758,18121,18403,43
759,18123,12136,3
760,18125,8291,10
761,18127,11937,49
762,18129,1157,28
763,18131,5090,32
764,18133,14889,46
765,18135,9754,7
766,18137,18014,59
767,18139,11634,55
768,18141,13640,21
769,18143,18939,60
770,18145,14551,53
771,18147,15902,14
772,18149,15355,18
773,18151,17305,52
774,18153,1053,30
775,18155,1729,43
776,18157,19751,33
777,18159,10947,7
778,18161,2665,29
779,18163,14092,31
780,18165,13933,58
781,18167,15481,30
782,18169,18965,57
783,18171,19104,11
784,18173,3664,14
785,18175,11829,31
786,18177,15682,60
787,18179,17307,58
788,18181,6621,33
789,18183,16439,50
790,19001,14092,9
791,19003,9740,61
792,19005,14167,61
793,19007,6751,36
794,19009,1711,57
795,19011,1823,1
796,19013,10882,33
797,19015,8102,34
798,19017,16780,0
799,19019,1686,59
800,19021,15724,60
801,19023,5128,10
802,19025,1591,21
803,19027,10093,50
804,19029,14295,17
805,19031,11900,61
806,19033,13090,22
807,19035,9179,39
808,19037,10485,14
809,19039,10122,60
810,19041,5601,52
811,19043,17972,23
812,19045,8015,44
813,19047,18596,2
814,19049,2639,43
815,19051,18064,58
816,19053,11416,56
817,19055,10250,33
818,19057,12693,36
819,19059,4110,63
820,19061,192,19
821,19063,9873,9
822,19065,15130,12
823,19067,9337,60
824,19069,19608,20
825,19071,18727,21
826,19073,19807,54
827,19075,16599,46
828,19077,16716,29
829,19079,14710,28
830,19081,8183,32
831,19083,11951,58
832,19085,7137,59
833,19087,9418,14
834,19089,19403,45
835,19091,5949,34
836,19093,17027,3
837,19095,7671,24
838,19097,19955,28
839,19099,15860,36
840,19101,11352,8
841,19103,6605,62
842,19105,13766,13
843,19107,9942,25
844,19109,5862,6
845,19111,2167,28
846,19113,4021,7
847,19115,18387,25
848,19117,10730,11
849,19119,14767,30
850,19121,1948,36
851,19123,8457,14
852,19125,3765,27
853,19127,8468,14
854,19129,2728,46
855,19131,12307,29
856,19133,10159,24
857,19135,16394,27
858,19137,19702,37
859,19139,814,51
860,19141,3994,54
861,19143,4093,35
862,19145,11194,2
863,19147,16445,10
864,19149,12252,8
865,19151,5097,56
866,19153,8775,23
867,19155,8948,0
868,19157,2855,22
869,19159,2058,25
870,19161,3552,11
871,19163,9069,7
872,19165,15097,37
873,19167,5830,53
874,19169,18721,18
875,19171,3950,18
876,19173,11533,35
877,19175,5563,45
878,19177,4620,5
879,19179,4925,28
880,19181,15876,21
881,19183,7828,8
882,19185,11560,24
883,19187,3760,27
884,19189,9928,22
885,19191,16024,39
886,19193,7509,32
887,19195,13937,23
888,19197,11709,18
889,20001,17725,61
890,20003,8905,40
891,20005,7127,26
892,20007,3094,53
893,20009,2726,33
894,20011,13473,39
895,20013,16,57
896,20015,19164,19
897,20017,4564,22
898,20019,14777,52
899,20021,9917,49
900,20023,14292,12
901,20025,1419,34
902,20027,5876,15
903,20029,17458,54
904,20031,17588,37
905,20033,19528,25
906,20035,18816,26
907,20037,3018,21
908,20039,3071,61
909,20041,17271,8
910,20043,13332,21
911,20045,1995,44
912,20047,9337,12
913,20049,16690,19
914,20051,10169,48
915,20053,14433,6
916,20055,11091,58
917,20057,5270,29
918,20059,11169,23
919,20061,9876,6
920,20063,14678,23
921,20065,17232,22
922,20067,10950,6
923,20069,150,46
924,20071,19080,51
925,20073,15416,27
926,20075,15034,25
927,20077,19134,8
928,20079,18203,18
929,20081,15888,27
930,20083,12160,48
931,20085,2668,57
932,20087,19242,10
933,20089,12642,51
934,20091,10662,0
935,20093,19080,38
936,20095,10965,5
937,20097,13835,14
938,20099,15382,29
939,20101,241,49
940,20103,16512,54
941,20105,4384,39
942,20107,1973,32
943,20109,19789,2
944,20111,4016,2
945,20113,14117,9
946,20115,6896,1
947,20117,3406,39
948,20119,3361,63
949,20121,4598,30
950,20123,7013,16
951,20125,6087,53
952,20127,17700,46
953,20129,3531,44
954,20131,19240,31
955,20133,15774,34
956,20135,8140,40
957,20137,2090,21
958,20139,4355,34
959,20141,10778,8
960,20143,3941,30
961,20145,7743,1
962,20147,18301,24
963,20149,2581,16
964,20151,11141,6
965,20153,16610,22
966,20155,13772,48
967,20157,12730,14
968,20159,18299,14
969,20161,1449,49
970,20163,19028,57
971,20165,4141,0
972,20167,14018,63
973,20169,18973,11
974,20171,17053,35
975,20173,2127,18
976,20175,10863,19
977,20177,17015,22
978,20179,3035,20
979,20181,13457,5
980,20183,17616,42
981,20185,16926,29
982,20187,14298,58
983,20189,14565,13
984,20191,18332,48
985,20193,7779,31
986,20195,7280,56
987,20197,11710,21
988,20199,16081,1
989,20201,9770,62
990,20203,16501,57
991,20205,1150,44
992,20207,1002,2
993,20209,6540,55
994,21001,16147,40
995,21003,4204,58
996,21005,11762,5
997,21007,3719,19
998,21009,7125,26
999,21011,18803,6
1000,21013,5864,33
1001,21015,16779,5
1002,21017,14123,36
1003,21019,735,19
1004,21021,7672,56
1005,21023,5070,2
1006,21025,17472,35
1007,21027,17181,22
1008,21029,2486,59
1009,21031,18929,42
1010,21033,10853,5
1011,21035,14401,26
1012,21037,8509,38
1013,21039,9866,32
1014,21041,11589,3
1015,21043,2109,48
1016,21045,16424,34
1017,21047,17837,17
1018,21049,4709,11
1019,21051,14995,48
1020,21053,10025,16
1021,21055,15717,33
1022,21057,19424,5
1023,21059,903,59
1024,21061,7962,2
1025,21063,9934,36
1026,21065,2741,42
1027,21067,12368,50
1028,21069,3406,2
1029,21071,4892,8
1030,21073,10167,33
1031,21075,1649,29
1032,21077,16182,45
1033,21079,9770,49
1034,21081,3482,56
1035,21083,8202,3
1036,21085,15873,60
1037,21087,4533,25
1038,21089,8971,34
1039,21091,4961,62
1040,21093,14664,55
1041,21095,14099,37
1042,21097,16926,33
1043,21099,10650,42
1044,21101,11028,39
1045,21103,17467,30
1046,21105,1738,32
1047,21107,6317,51
1048,21109,7275,59
1049,21111,2155,52
1050,21113,11776,58
1051,21115,7088,16
1052,21117,10807,30
1053,21119,1583,44
1054,21121,13511,9
1055,21123,5551,59
1056,21125,2784,46
1057,21127,92,29
1058,21129,14589,37
1059,21131,15366,51
1060,21133,8767,53
1061,21135,15643,7
1062,21137,10379,27
1063,21139,13032,26
1064,21141,17407,14
1065,21143,5665,10
1066,21145,5207,22
1067,21147,11252,60
1068,21149,851,63
1069,21151,19885,63
1070,21153,11998,18
1071,21155,909,36
1072,21157,11811,53
1073,21159,5801,51
1074,21161,19456,56
1075,21163,12723,26
1076,21165,11855,20
1077,21167,8736,4
1078,21169,12896,52
1079,21171,3881,19
1080,21173,14851,37
1081,21175,6873,11
1082,21177,17496,28
1083,21179,9613,63
1084,21181,3670,3
1085,21183,6601,3
1086,21185,10327,17
1087,21187,19095,30
1088,21189,7058,50
1089,21191,9475,21
1090,21193,17497,25
1091,21195,10706,28
1092,21197,3438,40
1093,21199,2893,10
1094,21201,17277,56
1095,21203,1245,60
1096,21205,7001,36
1097,21207,5159,48
1098,21209,8305,1
1099,21211,5158,23
1100,21213,2652,42
1101,21215,13406,9
1102,21217,11901,1
1103,21219,12570,38
1104,21221,16720,49
1105,21223,2038,0
1106,21225,9118,39
1107,21227,19027,34
1108,21229,9533,56
1109,21231,10451,54
1110,21233,5707,25
1111,21235,13308,60
1112,21237,7670,19
1113,21239,6184,57
1114,22001,2053,16
1115,22003,16799,35
1116,22005,5086,55
1117,22007,14053,60
1118,22009,2591,5
1119,22011,5319,21
1120,22013,8004,29
1121,22015,10491,41
1122,22017,16046,13
1123,22019,2367,2
1124,22021,877,53
1125,22023,1413,60
1126,22025,2224,26
1127,22027,1154,34
1128,22029,1076,42
1129,22031,12617,27
1130,22033,19551,53
1131,22035,13066,50
1132,22037,1176,24
1133,22039,14436,9
1134,22041,15877,22
1135,22043,13966,7
1136,22045,15162,4
1137,22047,16584,3
1138,22049,8062,14
1139,22051,9080,63
1140,22053,3035,54
1141,22055,12019,19
1142,22057,15155,24
1143,22059,11894,58
1144,22061,16998,49
1145,22063,18634,27
1146,22065,775,35
1147,22067,13946,9
1148,22069,8668,22
1149,22071,15979,20
1150,22073,5798,4
1151,22075,1783,59
1152,22077,2076,37
1153,22079,10278,29
1154,22081,8507,39
1155,22083,15078,47
1156,22085,9160,15
1157,22087,8016,6
1158,22089,3473,14
1159,22091,19955,57
1160,22093,15784,22
1161,22095,8215,7
1162,22097,3933,0
1163,22099,17669,20
1164,22101,7689,19
1165,22103,18733,56
1166,22105,8500,57
1167,22107,314,20
1168,22109,7937,43
1169,22111,14495,45
1170,22113,14422,58
1171,22115,12308,46
1172,22117,8752,21
1173,22119,7049,36
1174,22121,16031,59
1175,22123,10380,47
1176,22125,17023,26
1177,22127,19116,5
1178,23001,1318,59
1179,23003,12180,16
1180,23005,1835,60
1181,23007,19358,37
1182,23009,3301,10
1183,23011,18035,23
1184,23013,2429,56
1185,23015,1120,19
1186,23017,9054,60
1187,23019,11342,29
1188,23021,1394,17
1189,23023,3745,45
1190,23025,16092,47
1191,23027,2924,44
1192,23029,2781,48
1193,23031,6431,8
1194,24001,14367,61
1195,24003,17721,30
1196,24005,17109,24
1197,24009,12359,24
1198,24011,3419,23
1199,24013,17458,61
1200,24015,11291,63
1201,24017,19917,39
1202,24019,3936,54
1203,24021,16513,61
1204,24023,9578,63
1205,24025,3251,4
1206,24027,17789,12
1207,24029,24,4
1208,24031,1905,63
1209,24033,9016,53
1210,24035,515,18
1211,24037,16434,31
1212,24039,924,6
1213,24041,19976,41
1214,24043,9479,21
1215,24045,7648,8
1216,24047,3174,61
1217,24510,15630,43
1218,25001,16746,57
1219,25003,17413,39
1220,25005,15984,24
1221,25007,7646,54
1222,25009,39,43
1223,25011,18693,61
1224,25013,5098,1
1225,25015,4505,19
1226,25017,3787,53
1227,25019,1360,20
1228,25021,15513,17
1229,25023,6883,23
1230,25025,11799,54
1231,25027,9865,52
1232,26001,12740,16
1233,26003,14857,13
1234,26005,15621,38
1235,26007,1975,11
1236,26009,17965,10
1237,26011,2075,20
1238,26013,14646,27
1239,26015,5699,55
1240,26017,8777,62
1241,26019,6406,56
1242,26021,9542,45
1243,26023,15813,18
1244,26025,12337,18
1245,26027,9038,53
1246,26029,2057,29
1247,26031,16166,20
1248,26033,18292,14
1249,26035,7803,61
1250,26037,13951,61
1251,26039,17965,12
1252,26041,8024,53
1253,26043,302,34
1254,26045,16818,40
1255,26047,2865,35
1256,26049,15263,62
1257,26051,19263,8
1258,26053,7376,26
1259,26055,11285,57
1260,26057,1670,60
1261,26059,1545,56
1262,26061,8569,3
1263,26063,4726,11
1264,26065,4809,22
1265,26067,2390,41
1266,26069,12811,16
1267,26071,5605,18
1268,26073,7694,13
1269,26075,224,45
1270,26077,8015,13
1271,26079,16954,59
1272,26081,17821,63
1273,26083,19366,50
1274,26085,15746,61
1275,26087,15676,12
1276,26089,7139,25
1277,26091,6210,15
1278,26093,16338,6
1279,26095,14924,62
1280,26097,10851,59
1281,26099,8857,47
1282,26101,12021,39
1283,26103,8560,28
1284,26105,12098,30
1285,26107,8957,45
1286,26109,2806,14
1287,26111,15636,17
1288,26113,4817,12
1289,26115,16902,2
1290,26117,6011,49
1291,26119,12713,34
1292,26121,13965,43
1293,26123,11077,20
1294,26125,8577,54
1295,26127,13821,58
1296,26129,9520,32
1297,26131,5299,6
1298,26133,15560,53
1299,26135,15998,41
1300,26137,3909,22
1301,26139,3777,33
1302,26141,3094,58
1303,26143,13822,0
1304,26145,19220,19
1305,26147,3124,31
1306,26149,17166,54
1307,26151,16019,32
1308,26153,11338,42
1309,26155,4592,63
1310,26157,7243,34
1311,26159,19257,32
1312,26161,8414,7
1313,26163,4321,38
1314,26165,11930,32
1315,27001,7523,0
1316,27003,12652,2
1317,27005,9163,2
1318,27007,6143,39
1319,27009,6864,31
1320,27011,18377,7
1321,27013,6197,10
1322,27015,13457,28
1323,27017,11962,51
1324,27019,18683,42
1325,27021,3299,8
1326,27023,6771,4
1327,27025,8303,17
1328,27027,8576,48
1329,27029,5698,7
1330,27031,1839,63
1331,27033,6223,27
1332,27035,2919,53
1333,27037,18014,28
1334,27039,17568,19
1335,27041,17081,47
1336,27043,7180,48
1337,27045,2744,3
1338,27047,17985,41
1339,27049,12256,59
1340,27051,14480,23
1341,27053,19413,6
1342,27055,15571,6
1343,27057,5227,40
1344,27059,15811,50
1345,27061,13290,46
1346,27063,4890,9
1347,27065,6512,40
1348,27067,9612,54
1349,27069,6095,29
1350,27071,13562,59
1351,27073,1832,62
1352,27075,8305,24
1353,27077,13775,34
1354,27079,1730,1
1355,27081,13385,43
1356,27083,9981,56
1357,27085,4371,61
1358,27087,3883,24
1359,27089,15111,26
1360,27091,17146,59
1361,27093,1295,6
1362,27095,9724,63
1363,27097,15803,29
1364,27099,13498,10
1365,27101,10798,39
1366,27103,2582,22
1367,27105,8163,46
1368,27107,2364,53
1369,27109,17924,46
1370,27111,13096,63
1371,27113,9192,21
1372,27115,1537,48
1373,27117,18430,5
1374,27119,17810,31
1375,27121,6173,37
1376,27123,6086,16
1377,27125,8145,29
1378,27127,15284,7
1379,27129,2254,48
1380,27131,19929,41
1381,27133,5032,22
1382,27135,16589,20
1383,27137,952,63
1384,27139,1999,21
1385,27141,6193,25
1386,27143,11316,58
1387,27145,8820,49
1388,27147,16554,16
1389,27149,15564,61
1390,27151,3498,7
1391,27153,5816,53
1392,27155,126,58
1393,27157,14471,36
1394,27159,6078,4
1395,27161,7859,23
1396,27163,18656,39
1397,27165,4714,4
1398,27167,4083,31
1399,27169,17580,59
1400,27171,10583,63
1401,27173,14824,4
1402,28001,7392,29
1403,28003,6707,39
1404,28005,18011,39
1405,28007,4654,17
1406,28009,17395,0
1407,28011,6853,32
1408,28013,13899,60
1409,28015,3308,49
1410,28017,15150,32
1411,28019,17267,0
1412,28021,6453,46
1413,28023,10002,8
1414,28025,17404,54
1415,28027,330,48
1416,28029,2339,60
1417,28031,3326,32
1418,28033,15576,12
1419,28035,3655,59
1420,28037,10364,39
1421,28039,10696,47
1422,28041,10684,14
1423,28043,397,63
1424,28045,554,13
1425,28047,7211,13
1426,28049,11146,44
1427,28051,17647,23
1428,28053,5013,44
1429,28055,14649,50
1430,28057,6377,3
1431,28059,15056,48
1432,28061,17056,4
1433,28063,9872,21
1434,28065,7000,25
1435,28067,2851,53
1436,28069,14692,27
1437,28071,3528,3
1438,28073,1270,54
1439,28075,11907,44
1440,28077,5152,33
1441,28079,12875,59
1442,28081,6733,9
1443,28083,12527,1
1444,28085,16677,54
1445,28087,7712,1
1446,28089,13746,37
1447,28091,19807,48
1448,28093,1213,15
1449,28095,2732,56
1450,28097,15894,39
1451,28099,15467,42
1452,28101,7872,12
1453,28103,18643,10
1454,28105,13443,11
1455,28107,9602,62
1456,28109,12153,8
1457,28111,315,10
1458,28113,5079,42
1459,28115,16248,58
1460,28117,8450,38
1461,28119,19191,63
1462,28121,11465,32
1463,28123,14983,14
1464,28125,18498,60
1465,28127,3091,33
1466,28129,18636,58
1467,28131,5829,21
1468,28133,13301,34
1469,28135,4919,54
1470,28137,6989,21
1471,28139,8471,35
1472,28141,15314,36
1473,28143,6457,15
1474,28145,4928,2
1475,28147,16252,18
1476,28149,2372,7
1477,28151,16583,42
1478,28153,4223,35
1479,28155,5783,49
1480,28157,2495,2
1481,28159,19265,33
1482,28161,18867,52
1483,28163,17359,45
1484,29001,5251,42
1485,29003,8192,15
1486,29005,15370,54
1487,29007,3267,30
1488,29009,5724,23
1489,29011,4167,42
1490,29013,14922,31
1491,29015,7492,22
1492,29017,7335,38
1493,29019,17579,6
1494,29021,11417,55
1495,29023,4655,7
1496,29025,6301,16
1497,29027,3316,40
1498,29029,19497,37
1499,29031,13166,44
1500,29033,18361,34
1501,29035,886,26
1502,29037,17971,5
1503,29039,16428,26
1504,29041,11720,42
1505,29043,3082,5
1506,29045,2021,2
1507,29047,2761,27
1508,29049,7203,62
1509,29051,14665,23
1510,29053,14327,51
1511,29055,19587,42
1512,29057,6909,57
1513,29059,8959,43
1514,29061,13530,30
1515,29063,16787,36
1516,29065,12113,59
1517,29067,14703,49
1518,29069,7771,38
1519,29071,7838,7
1520,29073,18478,38
1521,29075,12093,50
1522,29077,12234,4
1523,29079,10760,6
1524,29081,1616,56
1525,29083,8372,35
1526,29085,3117,7
1527,29087,19884,38
1528,29089,15398,54
1529,29091,8173,32
1530,29093,18978,9
1531,29095,12206,30
1532,29097,2357,21
1533,29099,11189,40
1534,29101,17318,49
1535,29103,616,45
1536,29105,8727,49
1537,29107,2124,45
1538,29109,9183,34
1539,29111,2254,45
1540,29113,8521,58
1541,29115,17612,56
1542,29117,13996,60
1543,29119,9938,24
1544,29121,6247,21
1545,29123,3108,36
1546,29125,9103,41
1547,29127,19587,9
1548,29129,1260,9
1549,29131,9541,53
1550,29133,15411,40
1551,29135,11554,39
1552,29137,12183,14
1553,29139,8109,19
1554,29141,13249,3
1555,29143,9094,41
1556,29145,6763,51
1557,29147,11757,22
1558,29149,12285,34
1559,29151,17627,13
1560,29153,13027,9
1561,29155,5868,55
1562,29157,5785,2
1563,29159,2958,38
1564,29161,8600,27
1565,29163,7691,38
1566,29165,6795,58
1567,29167,19848,7
1568,29169,5813,7
1569,29171,13194,20
1570,29173,4607,10
1571,29175,4141,46
1572,29177,2847,57
1573,29179,8197,20
1574,29181,6027,4
1575,29183,9834,12
1576,29185,4306,7
1577,29186,3733,3
1578,29187,10638,31
1579,29189,1805,39
1580,29195,18424,8
1581,29197,1889,26
1582,29199,1193,56
1583,29201,10260,48
1584,29203,18004,4
1585,29205,6975,53
1586,29207,3920,11
1587,29209,13581,41
1588,29211,14904,52
1589,29213,7114,63
1590,29215,882,42
1591,29217,8316,50
1592,29219,9942,28
1593,29221,7635,24
1594,29223,2765,34
1595,29225,5537,13
1596,29227,4967,59
1597,29229,13876,2
1598,29510,13195,16
1599,30001,12328,63
1600,30003,8521,42
1601,30005,8077,0
1602,30007,16733,11
1603,30009,1380,48
1604,30011,11443,20
1605,30013,428,44
1606,30015,13610,25
1607,30017,180,48
1608,30019,2453,40
1609,30021,9875,37
1610,30023,10190,56
1611,30025,16778,36
1612,30027,12494,52
1613,30029,5076,48
1614,30031,9866,21
1615,30033,9170,8
1616,30035,7635,41
1617,30037,1341,56
1618,30039,13207,7
1619,30041,9854,38
1620,30043,18408,44
1621,30045,14345,54
1622,30047,6054,41
1623,30049,2470,32
1624,30051,543,10
1625,30053,6748,42
1626,30055,7602,47
1627,30057,13923,35
1628,30059,13506,7
1629,30061,19601,36
1630,30063,14145,14
1631,30065,14284,0
1632,30067,14204,15
1633,30069,8544,61
1634,30071,17439,17
1635,30073,7924,62
1636,30075,8683,57
1637,30077,8267,51
1638,30079,17583,7
1639,30081,14145,13
1640,30083,10160,8
1641,30085,9549,26
1642,30087,713,25
1643,30089,13096,23
1644,30091,13916,62
1645,30093,1127,4
1646,30095,10236,28
1647,30097,3501,2
1648,30099,11832,22
1649,30101,16578,20
1650,30103,9877,42
1651,30105,18924,22
1652,30107,4613,27
1653,30109,6387,57
1654,30111,2379,20
1655,31001,6103,59
1656,31003,7217,11
1657,31005,13981,56
1658,31007,6133,30
1659,31009,14540,38
1660,31011,2030,44
1661,31013,19492,24
1662,31015,3237,37
1663,31017,19584,53
1664,31019,19404,34
1665,31021,12699,26
1666,31023,5989,35
1667,31025,12382,27
1668,31027,17295,54
1669,31029,2357,54
1670,31031,19785,3
1671,31033,12606,42
1672,31035,13730,28
1673,31037,4509,0
1674,31039,7576,5
1675,31041,4883,37
1676,31043,2978,40
1677,31045,1391,16
1678,31047,2483,42
1679,31049,6174,10
1680,31051,6003,38
1681,31053,4255,56
1682,31055,11377,23
1683,31057,18734,7
1684,31059,18928,63
1685,31061,15824,63
1686,31063,19001,12
1687,31065,17791,28
1688,31067,18649,27
1689,31069,13140,56
1690,31071,7436,10
1691,31073,8217,57
1692,31075,13144,6
1693,31077,1338,36
1694,31079,13555,61
1695,31081,6005,20
1696,31083,18660,13
1697,31085,6218,2
1698,31087,2295,19
1699,31089,6898,47
1700,31091,1642,48
1701,31093,12204,27
1702,31095,6121,19
1703,31097,6178,52
1704,31099,12490,36
1705,31101,6242,45
1706,31103,4934,28
1707,31105,11846,5
1708,31107,12866,0
1709,31109,9650,36
1710,31111,17010,28
1711,31113,12974,57
1712,31115,11142,55
1713,31117,7123,48
1714,31119,14293,11
1715,31121,3252,13
1716,31123,8013,14
1717,31125,3259,37
1718,31127,17460,34
1719,31129,11388,46
1720,31131,15485,53
1721,31133,267,29
1722,31135,6110,23
1723,31137,2394,24
1724,31139,17232,16
1725,31141,16409,25
1726,31143,2632,19
1727,31145,4215,37
1728,31147,17849,25
1729,31149,18830,58
1730,31151,17327,3
1731,31153,16404,10
1732,31155,19808,40
1733,31157,1036,41
1734,31159,7080,50
1735,31161,3752,25
1736,31163,2616,22
1737,31165,13948,0
1738,31167,19229,28
1739,31169,8329,43
1740,31171,2984,4
1741,31173,12997,60
1742,31175,9915,13
1743,31177,17127,5
1744,31179,16530,19
1745,31181,14009,61
1746,31183,17557,40
1747,31185,1066,7
1748,32001,17844,53
1749,32003,5603,37
1750,32005,10859,8
1751,32007,2282,0
1752,32009,1197,63
1753,32011,15245,29
1754,32013,19563,2
1755,32015,16417,41
1756,32017,8684,47
1757,32019,4904,27
1758,32021,4372,31
1759,32023,9335,7
1760,32027,14671,23
1761,32029,2372,36
1762,32031,13515,16
1763,32033,8469,47
1764,32510,6240,19
1765,33001,4983,26
1766,33003,11036,27
1767,33005,10527,41
1768,33007,7319,38
1769,33009,5539,42
1770,33011,18924,14
1771,33013,7720,24
1772,33015,14235,23
1773,33017,14618,0
1774,33019,4149,10
1775,34001,6705,48
1776,34003,11734,50
1777,34005,1800,24
1778,34007,10589,24
1779,34009,7210,50
1780,34011,14429,19
1781,34013,19157,61
1782,34015,7754,46
1783,34017,2548,22
1784,34019,11697,43
1785,34021,9128,55
1786,34023,17556,56
1787,34025,8491,3
1788,34027,15705,48
1789,34029,1328,45
1790,34031,17162,54
1791,34033,12945,19
1792,34035,3752,44
1793,34037,8254,52
1794,34039,19584,40
1795,34041,7024,29
1796,35001,18394,50
1797,35003,6395,47
1798,35005,5656,57
1799,35006,2628,31
1800,35007,6051,5
1801,35009,13646,14
1802,35011,3341,52
1803,35013,12188,36
1804,35015,13079,26
1805,35017,4370,42
1806,35019,10434,21
1807,35021,11354,54
1808,35023,11657,1
1809,35025,9123,20
1810,35027,19503,59
1811,35028,4356,46
1812,35029,654,10
1813,35031,3398,33
1814,35033,4008,32
1815,35035,15153,10
1816,35037,8283,21
1817,35039,9876,48
1818,35041,645,17
1819,35043,3916,8
1820,35045,8412,21
1821,35047,7214,51
1822,35049,12774,8
1823,35051,13230,62
1824,35053,15840,5
1825,35055,16007,55
1826,35057,6353,21
1827,35059,14180,2
1828,35061,19627,7
1829,36001,5443,53
1830,36003,11980,15
1831,36005,16774,12
1832,36007,12577,12
1833,36009,8241,13
1834,36011,10630,45
1835,36013,17036,7
1836,36015,19786,2
1837,36017,10759,27
1838,36019,13425,29
1839,36021,6545,53
1840,36023,3654,45
1841,36025,12756,54
1842,36027,19520,45
1843,36029,16506,9
1844,36031,10721,46
1845,36033,8196,59
1846,36035,3496,50
1847,36037,9663,4
1848,36039,642,23
1849,36041,4802,25
1850,36043,10320,52
1851,36045,1989,21
1852,36047,19791,31
1853,36049,19384,53
1854,36051,6743,51
1855,36053,10322,47
1856,36055,719,49
1857,36057,6772,63
1858,36059,3374,25
1859,36061,3236,42
1860,36063,7742,7
1861,36065,7681,11
1862,36067,6607,62
1863,36069,10243,56
1864,36071,6210,34
1865,36073,6904,33
1866,36075,1324,45
1867,36077,1434,18
1868,36079,3545,25
1869,36081,5885,18
1870,36083,3252,62
1871,36085,17066,15
1872,36087,14138,4
1873,36089,18759,9
1874,36091,17129,46
1875,36093,5603,58
1876,36095,15316,61
1877,36097,11972,36
1878,36099,19481,34
1879,36101,19957,36
1880,36103,18099,32
1881,36105,1034,11
1882,36107,12469,38
1883,36109,10409,32
1884,36111,18190,5
1885,36113,19542,21
1886,36115,14122,36
1887,36117,6047,31
1888,36119,6503,58
1889,36121,18057,28
1890,36123,8531,16
1891,37001,4082,10
1892,37003,1858,61
1893,37005,7161,52
1894,37007,15182,4
1895,37009,18463,53
1896,37011,12751,44
1897,37013,8594,11
1898,37015,19072,50
1899,37017,17949,23
1900,37019,18503,37
1901,37021,4006,48
1902,37023,40,1
1903,37025,875,49
1904,37027,811,0
1905,37029,8657,31
1906,37031,13658,11
1907,37033,18538,54
1908,37035,4565,23
1909,37037,13145,26
1910,37039,3682,19
1911,37041,5976,17
1912,37043,16333,16
1913,37045,14407,24
1914,37047,11435,37
1915,37049,110,27
1916,37051,3047,59
1917,37053,150,16
1918,37055,18357,45
1919,37057,85,30
1920,37059,13222,11
1921,37061,6439,32
1922,37063,10305,62
1923,37065,12036,39
1924,37067,11945,21
1925,37069,18269,17
1926,37071,5542,28
1927,37073,12136,62
1928,37075,16999,2
1929,37077,5131,8
1930,37079,14705,3
1931,37081,2680,10
1932,37083,1138,21
1933,37085,6732,3
1934,37087,10323,60
1935,37089,8101,35
1936,37091,9856,28
1937,37093,16984,30
1938,37095,11610,39
1939,37097,12964,31
1940,37099,12051,38
1941,37101,13005,22
1942,37103,10680,8
1943,37105,225,46
1944,37107,16606,42
1945,37109,1759,21
1946,37111,618,34
1947,37113,10584,31
1948,37115,19003,63
1949,37117,12883,8
1950,37119,14129,36
1951,37121,4609,18
1952,37123,18434,14
1953,37125,2092,3
1954,37127,18464,52
1955,37129,8498,16
1956,37131,277,62
1957,37133,6492,52
1958,37135,2157,45
1959,37137,3782,16
1960,37139,523,8
1961,37141,13274,46
1962,37143,16792,4
1963,37145,2629,34
1964,37147,8210,55
1965,37149,9948,43
1966,37151,197,46
1967,37153,1178,42
1968,37155,14372,62
1969,37157,12494,14
1970,37159,3558,12
1971,37161,4371,56
1972,37163,13954,34
1973,37165,17140,38
1974,37167,19574,16
1975,37169,9206,39
1976,37171,5642,27
1977,37173,234,25
1978,37175,7562,39
1979,37177,5978,25
1980,37179,8591,61
1981,37181,3729,11
1982,37183,13903,37
1983,37185,9500,41
1984,37187,7889,23
1985,37189,7328,52
1986,37191,10879,37
1987,37193,16604,12
1988,37195,10818,11
1989,37197,4855,45
1990,37199,2981,51
1991,38001,17873,36
1992,38003,7183,50
1993,38005,17847,31
1994,38007,16549,11
1995,38009,7496,29
1996,38011,3842,32
1997,38013,17228,53
1998,38015,16343,62
1999,38017,7307,62
2000,38019,552,21
2001,38021,16114,45
2002,38023,3853,29
2003,38025,19028,61
2004,38027,4196,37
2005,38029,1292,50
2006,38031,6434,20
2007,38033,1356,8
2008,38035,7470,5
2009,38037,9925,48
2010,38039,17616,47
2011,38041,14831,57
2012,38043,9206,30
2013,38045,3789,58
2014,38047,1553,25
2015,38049,19366,5
2016,38051,1763,21
2017,38053,7690,29
2018,38055,10197,19
2019,38057,17633,32
2020,38059,3055,11
2021,38061,10860,30
2022,38063,1962,19
2023,38065,797,32
2024,38067,10040,40
2025,38069,6213,23
2026,38071,12748,58
2027,38073,3463,16
2028,38075,10598,17
2029,38077,520,0
2030,38079,2698,51
2031,38081,2476,45
2032,38083,2660,5
2033,38085,15882,59
2034,38087,4972,26
2035,38089,3422,48
2036,38091,16708,28
2037,38093,13067,63
2038,38095,5834,43
2039,38097,16143,4
2040,38099,9655,31
2041,38101,5192,6
2042,38103,6330,25
2043,38105,11896,30
2044,39001,19461,55
2045,39003,7760,18
2046,39005,4529,31
2047,39007,17468,36
2048,39009,8760,6
2049,39011,13019,5
2050,39013,11003,48
2051,39015,1642,31
2052,39017,2285,33
2053,39019,19651,49
2054,39021,15404,61
2055,39023,6410,45
2056,39025,15738,34
2057,39027,13071,3
2058,39029,6094,50
2059,39031,15478,61
2060,39033,10368,50
2061,39035,19632,14
2062,39037,6513,0
2063,39039,6652,44
2064,39041,15522,6
2065,39043,5945,38
2066,39045,11179,57
2067,39047,8564,54
2068,39049,4625,29
2069,39051,9942,30
2070,39053,17657,9
2071,39055,4468,33
2072,39057,12414,35
2073,39059,9496,23
2074,39061,12475,8
2075,39063,14440,6
2076,39065,16510,23
2077,39067,4824,34
2078,39069,5925,38
2079,39071,17240,45
2080,39073,2745,7
2081,39075,5174,19
2082,39077,7303,34
2083,39079,1621,37
2084,39081,14545,24
2085,39083,12398,14
2086,39085,13228,62
2087,39087,12650,21
2088,39089,844,46
2089,39091,11255,18
2090,39093,9832,6
2091,39095,6141,63
2092,39097,11661,16
2093,39099,2994,10
2094,39101,18537,0
2095,39103,19533,47
2096,39105,19573,8
2097,39107,5877,62
2098,39109,7982,46
2099,39111,2082,13
2100,39113,12078,17
2101,39115,12702,29
2102,39117,3844,22
2103,39119,8436,58
2104,39121,9348,49
2105,39123,10112,42
2106,39125,5181,5
2107,39127,2833,38
2108,39129,576,2
2109,39131,19362,40
2110,39133,17476,6
2111,39135,72,56
2112,39137,19484,41
2113,39139,5346,56
2114,39141,4299,8
2115,39143,5443,33
2116,39145,5174,31
2117,39147,11258,7
2118,39149,9599,29
2119,39151,14389,43
2120,39153,16697,37
2121,39155,14314,30
2122,39157,9269,10
2123,39159,6176,7
2124,39161,350,25
2125,39163,12564,13
2126,39165,8024,52
2127,39167,12653,23
2128,39169,7870,63
2129,39171,13986,6
2130,39173,15546,35
2131,39175,16144,11
2132,40001,6280,3
2133,40003,17725,59
2134,40005,7465,25
2135,40007,4552,39
2136,40009,6831,39
2137,40011,5236,5
2138,40013,11998,15
2139,40015,16155,34
2140,40017,15681,43
2141,40019,578,20
2142,40021,11786,58
2143,40023,2148,56
2144,40025,7119,36
2145,40027,2137,36
2146,40029,15725,1
2147,40031,19856,59
2148,40033,473,47
2149,40035,12187,43
2150,40037,9510,50
2151,40039,9072,39
2152,40041,16109,23
2153,40043,5335,57
2154,40045,5511,43
2155,40047,12050,2
2156,40049,15780,23
2157,40051,1525,55
2158,40053,3891,14
2159,40055,5273,20
2160,40057,19014,41
2161,40059,15401,37
2162,40061,7611,58
2163,40063,3492,4
2164,40065,2627,44
2165,40067,13852,22
2166,40069,14514,61
2167,40071,3131,18
2168,40073,5374,14
2169,40075,7956,45
2170,40077,19569,37
2171,40079,4267,30
2172,40081,17142,16
2173,40083,12313,17
2174,40085,12360,47
2175,40087,16920,60
2176,40089,12199,32
2177,40091,19786,0
2178,40093,5034,52
2179,40095,4765,60
2180,40097,19250,28
2181,40099,7861,51
2182,40101,10243,32
2183,40103,6558,55
2184,40105,9023,50
2185,40107,4925,31
2186,40109,17672,4
2187,40111,12190,34
2188,40113,17204,45
2189,40115,10155,2
2190,40117,19300,40
2191,40119,690,23
2192,40121,2095,39
2193,40123,11730,37
2194,40125,12747,5
2195,40127,13034,49
2196,40129,14813,30
2197,40131,19820,33
2198,40133,3825,48
2199,40135,3838,5
2200,40137,16858,14
2201,40139,9550,11
2202,40141,13738,49
2203,40143,2815,13
2204,40145,12128,16
2205,40147,852,14
2206,40149,7524,13
2207,40151,19815,52
2208,40153,12454,2
2209,41001,4868,4
2210,41003,14247,58
2211,41005,14732,51
2212,41007,17830,10
2213,41009,1659,59
2214,41011,8096,47
2215,41013,11607,49
2216,41015,14768,20
2217,41017,3732,5
2218,41019,9390,17
2219,41021,16712,51
2220,41023,17372,14
2221,41025,12492,0
2222,41027,13329,36
2223,41029,14686,6
2224,41031,9132,37
2225,41033,6228,32
2226,41035,12207,8
2227,41037,12763,59
2228,41039,1834,16
2229,41041,12451,48
2230,41043,13902,54
2231,41045,7380,40
2232,41047,14492,46
2233,41049,13667,5
2234,41051,7569,45
2235,41053,19828,24
2236,41055,13101,9
2237,41057,15494,17
2238,41059,645,57
2239,41061,4452,21
2240,41063,13166,22
2241,41065,11359,24
2242,41067,13882,23
2243,41069,15772,42
2244,41071,6304,15
2245,42001,18092,13
2246,42003,9249,2
2247,42005,2034,38
2248,42007,13250,37
2249,42009,13915,12
2250,42011,11462,18
2251,42013,13711,45
2252,42015,7252,8
2253,42017,13577,43
2254,42019,1890,19
2255,42021,2202,10
2256,42023,10682,53
2257,42025,9451,3
2258,42027,14086,8
2259,42029,7063,52
2260,42031,10236,15
2261,42033,13228,0
2262,42035,2501,26
2263,42037,2022,19
2264,42039,6928,1
2265,42041,2161,58
2266,42043,1892,50
2267,42045,3915,40
2268,42047,3653,50
2269,42049,4941,44
2270,42051,6272,22
2271,42053,6137,5
2272,42055,8235,25
2273,42057,5085,16
2274,42059,5182,59
2275,42061,3054,23
2276,42063,7276,54
2277,42065,10102,60
2278,42067,758,38
2279,42069,11940,1
2280,42071,5145,19
2281,42073,5268,56
2282,42075,5155,12
2283,42077,17785,35
2284,42079,2205,21
2285,42081,10202,36
2286,42083,2172,2
2287,42085,5916,51
2288,42087,1350,42
2289,42089,17979,59
2290,42091,7997,33
2291,42093,6307,33
2292,42095,973,52
2293,42097,11879,14
2294,42099,7565,31
2295,42101,13380,13
2296,42103,19070,56
2297,42105,12103,35
2298,42107,7040,54
2299,42109,5046,5
2300,42111,10714,54
2301,42113,7495,58
2302,42115,10428,52
2303,42117,13847,33
2304,42119,19164,28
2305,42121,15886,17
2306,42123,5789,51
2307,42125,16663,23
2308,42127,2155,55
2309,42129,12810,58
2310,42131,9712,25
2311,42133,6863,4
2312,44001,3830,22
2313,44003,15940,48
2314,44005,17205,5
2315,44007,11497,2
2316,44009,14835,10
2317,45001,7753,32
2318,45003,12586,6
2319,45005,12656,13
2320,45007,6255,49
2321,45009,191,42
2322,45011,4716,45
2323,45013,2528,53
2324,45015,12218,13
2325,45017,1883,43
2326,45019,10897,12
2327,45021,8811,11
2328,45023,19800,3
2329,45025,18820,37
2330,45027,13074,31
2331,45029,18720,28
2332,45031,1070,11
2333,45033,12062,12
2334,45035,15470,18
2335,45037,210,61
2336,45039,13751,33
2337,45041,2601,9
2338,45043,124,44
2339,45045,17708,33
2340,45047,19298,48
2341,45049,12370,14
2342,45051,16019,47
2343,45053,4300,35
2344,45055,9505,39
2345,45057,1050,37
2346,45059,9137,41
2347,45061,2013,50
2348,45063,4536,16
2349,45065,1619,28
2350,45067,6652,59
2351,45069,11135,12
2352,45071,16461,52
2353,45073,12995,49
2354,45075,4850,5
2355,45077,2016,30
2356,45079,19289,13
2357,45081,6319,0
2358,45083,19169,25
2359,45085,13277,53
2360,45087,6249,52
2361,45089,14917,63
2362,45091,5866,29
2363,46003,1144,14
2364,46005,6409,39
2365,46007,13941,15
2366,46009,2948,15
2367,46011,18570,36
2368,46013,6669,46
2369,46015,3896,48
2370,46017,16304,58
2371,46019,5396,15
2372,46021,3946,40
2373,46023,9429,56
2374,46025,9219,14
2375,46027,317,33
2376,46029,5086,40
2377,46031,7622,49
2378,46033,6417,38
2379,46035,12951,28
2380,46037,10146,31
2381,46039,16850,11
2382,46041,5048,24
2383,46043,18757,30
2384,46045,19664,8
2385,46047,17818,60
2386,46049,4230,37
2387,46051,11687,28
2388,46053,15884,60
2389,46055,14731,34
2390,46057,6350,15
2391,46059,6634,2
2392,46061,6241,14
2393,46063,18500,50
2394,46065,12894,38
2395,46067,8461,23
2396,46069,4450,19
2397,46071,12870,51
2398,46073,7235,27
2399,46075,17209,19
2400,46077,4342,0
2401,46079,8915,50
2402,46081,2500,6
2403,46083,16012,11
2404,46085,19715,38
2405,46087,18237,36
2406,46089,590,21
2407,46091,12427,62
2408,46093,1661,63
2409,46095,11754,6
2410,46097,17467,25
2411,46099,1317,8
2412,46101,14187,63
2413,46103,19011,13
2414,46105,16928,43
2415,46107,18004,19
2416,46109,10990,33
2417,46111,10016,57
2418,46113,15817,24
2419,46115,9137,56
2420,46117,7697,60
2421,46119,19853,12
2422,46121,5971,36
2423,46123,19423,36
2424,46125,8732,15
2425,46127,18362,35
2426,46129,15519,49
2427,46135,5152,29
2428,46137,7333,34
2429,47001,19874,13
2430,47003,4445,15
2431,47005,6911,37
2432,47007,14847,15
2433,47009,4443,2
2434,47011,8575,44
2435,47013,14718,25
2436,47015,5227,29
2437,47017,91,42
2438,47019,6724,63
2439,47021,535,53
2440,47023,12253,23
2441,47025,18444,35
2442,47027,4568,50
2443,47029,1351,38
2444,47031,19207,31
2445,47033,8294,6
2446,47035,19375,11
2447,47037,4008,60
2448,47039,3941,8
2449,47041,8963,2
2450,47043,1107,20
2451,47045,12993,43
2452,47047,18781,52
2453,47049,11716,43
2454,47051,17022,36
2455,47053,5204,22
2456,47055,14219,16
2457,47057,4121,35
2458,47059,5409,49
2459,47061,5796,16
2460,47063,9836,58
2461,47065,18427,28
2462,47067,13237,13
2463,47069,5682,19
2464,47071,19902,3
2465,47073,7991,16
2466,47075,7685,2
2467,47077,4004,42
2468,47079,10999,59
2469,47081,12168,25
2470,47083,14681,25
2471,47085,15759,2
2472,47087,19868,22
2473,47089,7864,35
2474,47091,6311,23
2475,47093,1643,6
2476,47095,15863,15
2477,47097,1067,63
2478,47099,10597,8
2479,47101,18244,9
2480,47103,17700,31
2481,47105,8559,28
2482,47107,13917,24
2483,47109,9178,47
2484,47111,10311,11
2485,47113,11231,39
2486,47115,4793,35
2487,47117,16925,11
2488,47119,11060,53
2489,47121,11629,54
2490,47123,14532,46
2491,47125,10473,40
2492,47127,17037,29
2493,47129,19104,15
2494,47131,15399,34
2495,47133,6413,14
2496,47135,3249,37
2497,47137,4914,23
2498,47139,4787,3
2499,47141,12337,63
2500,47143,17403,22
2501,47145,11306,28
2502,47147,8451,51
2503,47149,244,24
2504,47151,18215,22
2505,47153,2963,46
2506,47155,16601,40
2507,47157,2950,63
2508,47159,14371,4
2509,47161,6309,29
2510,47163,4178,12
2511,47165,17947,24
2512,47167,4169,15
2513,47169,1895,5
2514,47171,2511,16
2515,47173,1870,61
2516,47175,19808,22
2517,47177,16358,10
2518,47179,1168,61
2519,47181,8105,37
2520,47183,15429,58
2521,47185,18405,5
2522,47187,3208,41
2523,47189,11517,3
2524,48001,16166,15
2525,48003,15428,48
2526,48005,17400,36
2527,48007,19940,1
2528,48009,3522,16
2529,48011,154,18
2530,48013,6515,28
2531,48015,18366,51
2532,48017,4139,21
2533,48019,16675,23
2534,48021,14563,53
2535,48023,1340,19
2536,48025,3822,56
2537,48027,2208,31
2538,48029,13716,9
2539,48031,19796,59
2540,48033,18654,49
2541,48035,1739,60
2542,48037,3455,27
2543,48039,9690,44
2544,48041,15460,42
2545,48043,13008,30
2546,48045,13099,2
2547,48047,2065,42
2548,48049,18596,45
2549,48051,2733,61
2550,48053,133,48
2551,48055,247,63
2552,48057,9220,55
2553,48059,10873,43
2554,48061,9064,29
2555,48063,6100,41
2556,48065,17033,40
2557,48067,10911,37
2558,48069,19012,40
2559,48071,11918,39
2560,48073,6276,12
2561,48075,4859,26
2562,48077,8778,39
2563,48079,11494,10
2564,48081,9392,39
2565,48083,4267,47
2566,48085,12875,33
2567,48087,19115,51
2568,48089,10740,45
2569,48091,1695,16
2570,48093,17693,10
2571,48095,10581,49
2572,48097,10761,6
2573,48099,16169,52
2574,48101,12583,14
2575,48103,8711,59
2576,48105,10971,18
2577,48107,14128,42
2578,48109,10565,22
2579,48111,14183,49
2580,48113,11901,17
2581,48115,8482,16
2582,48117,3970,12
2583,48119,14011,22
2584,48121,970,60
2585,48123,5595,54
2586,48125,17506,7
2587,48127,7051,55
2588,48129,1360,25
2589,48131,13690,14
2590,48133,10910,14
2591,48135,15750,55
2592,48137,8217,11
2593,48139,13113,41
2594,48141,13967,15
2595,48143,13488,51
2596,48145,2699,2
2597,48147,1365,0
2598,48149,8795,36
2599,48151,1954,7
2600,48153,2089,45
2601,48155,18467,22
2602,48157,14590,41
2603,48159,5949,58
2604,48161,17492,42
2605,48163,13243,57
2606,48165,15940,50
2607,48167,18758,34
2608,48169,14208,11
2609,48171,15829,7
2610,48173,16151,13
2611,48175,16734,7
2612,48177,6280,18
2613,48179,15052,52
2614,48181,8308,23
2615,48183,7394,58
2616,48185,6128,5
2617,48187,18909,43
2618,48189,19049,49
2619,48191,5269,50
2620,48193,9798,61
2621,48195,19910,29
2622,48197,17948,55
2623,48199,15980,28
2624,48201,8405,45
2625,48203,7498,30
2626,48205,6106,14
2627,48207,13362,25
2628,48209,6272,8
2629,48211,2169,5
2630,48213,351,56
2631,48215,11969,35
2632,48217,11815,37
2633,48219,8554,26
2634,48221,10044,44
2635,48223,8995,31
2636,48225,502,23
2637,48227,6040,35
2638,48229,18546,30
2639,48231,698,52
2640,48233,19014,27
2641,48235,18739,4
2642,48237,13096,23
2643,48239,17490,28
2644,48241,3059,9
2645,48243,12999,25
2646,48245,12946,11
2647,48247,6339,15
2648,48249,17109,7
2649,48251,7082,37
2650,48253,14912,46
2651,48255,2737,51
2652,48257,11762,20
2653,48259,11372,48
2654,48261,6986,7
2655,48263,18557,33
2656,48265,10465,59
2657,48267,8463,32
2658,48269,7114,29
2659,48271,10556,8
2660,48273,5979,43
2661,48275,8814,12
2662,48277,14802,63
2663,48279,4935,35
2664,48281,17847,5
2665,48283,19120,4
2666,48285,18897,29
2667,48287,8804,20
2668,48289,17382,5
2669,48291,16177,21
2670,48293,98,29
2671,48295,6397,20
2672,48297,2008,4
2673,48299,19797,53
2674,48301,13794,17
2675,48303,16399,7
2676,48305,7148,50
2677,48307,17814,5
2678,48309,6289,12
2679,48311,19273,51
2680,48313,10876,16
2681,48315,6335,10
2682,48317,9828,36
2683,48319,4935,44
2684,48321,19930,30
2685,48323,12856,31
2686,48325,19455,23
2687,48327,1387,15
2688,48329,1063,19
2689,48331,18584,29
2690,48333,19060,11
2691,48335,12396,40
2692,48337,14151,48
2693,48339,15940,56
2694,48341,4239,36
2695,48343,1394,17
2696,48345,8457,39
2697,48347,10345,14
2698,48349,4098,30
2699,48351,8255,50
2700,48353,18507,18
2701,48355,3828,9
2702,48357,8642,48
2703,48359,3456,33
2704,48361,10938,20
2705,48363,3023,31
2706,48365,7592,37
2707,48367,12338,63
2708,48369,1628,16
2709,48371,983,34
2710,48373,4186,27
2711,48375,14156,15
2712,48377,10869,14
2713,48379,5139,42
2714,48381,7469,42
2715,48383,18968,44
2716,48385,7696,45
2717,48387,11362,14
2718,48389,6270,15
2719,48391,2947,39
2720,48393,4402,13
2721,48395,12984,7
2722,48397,2999,62
2723,48399,19012,14
2724,48401,4773,24
2725,48403,3053,38
2726,48405,15128,33
2727,48407,16698,6
2728,48409,13454,6
2729,48411,11545,8
2730,48413,19775,58
2731,48415,18197,19
2732,48417,5697,50
2733,48419,3337,60
2734,48421,9990,23
2735,48423,4869,46
2736,48425,4555,48
2737,48427,1744,8
2738,48429,16920,0
2739,48431,18889,42
2740,48433,1713,23
2741,48435,1534,49
2742,48437,13579,10
2743,48439,3364,53
2744,48441,5416,42
2745,48443,7376,43
2746,48445,10039,27
2747,48447,3581,7
2748,48449,19203,13
2749,48451,15099,13
2750,48453,14674,39
2751,48455,15161,6
2752,48457,10717,45
2753,48459,3536,38
2754,48461,10241,0
2755,48463,8657,28
2756,48465,7669,48
2757,48467,7310,46
2758,48469,7858,12
2759,48471,1087,30
2760,48473,7732,55
2761,48475,5742,15
2762,48477,18581,34
2763,48479,15186,49
2764,48481,15911,5
2765,48483,9123,28
2766,48485,133,0
2767,48487,3722,43
2768,48489,9591,37
2769,48491,17808,3
2770,48493,18350,44
2771,48495,2874,22
2772,48497,1875,8
2773,48499,18544,60
2774,48501,15253,27
2775,48503,12540,33
2776,48505,4117,63
2777,48507,19236,27
2778,49001,7767,6
2779,49003,5791,24
2780,49005,7515,58
2781,49007,2358,40
2782,49009,9855,46
2783,49011,10444,55
2784,49013,12388,33
2785,49015,11236,27
2786,49017,10079,51
2787,49019,5242,52
2788,49021,15713,16
2789,49023,13345,14
2790,49025,17481,55
2791,49027,3412,47
2792,49029,9444,39
2793,49031,16005,43
2794,49033,16738,41
2795,49035,4283,27
2796,49037,18218,43
2797,49039,4764,37
2798,49041,17500,60
2799,49043,6304,9
2800,49045,14852,43
2801,49047,4753,28
2802,49049,1953,31
2803,49051,15413,43
2804,49053,3394,50
2805,49055,2177,16
2806,49057,18639,34
2807,50001,9500,10
2808,50003,15335,16
2809,50005,11448,54
2810,50007,239,20
2811,50009,822,3
2812,50011,5680,22
2813,50013,198,58
2814,50015,13272,55
2815,50017,5318,62
2816,50019,10029,20
2817,50021,1449,3
2818,50023,19414,18
2819,50025,11652,53
2820,50027,7385,11
2821,51001,3122,5
2822,51003,19639,22
2823,51005,16271,29
2824,51007,8762,25
2825,51009,18884,60
2826,51011,4535,23
2827,51013,1729,6
2828,51015,10077,51
2829,51017,17093,59
2830,51019,16837,23
2831,51021,3170,45
2832,51023,15403,29
2833,51025,249,44
2834,51027,6832,21
2835,51029,16770,34
2836,51031,6308,5
2837,51033,13453,27
2838,51035,16721,48
2839,51036,18220,33
2840,51037,6369,49
2841,51041,4288,22
2842,51043,4698,42
2843,51045,3615,28
2844,51047,9994,53
2845,51049,13860,44
2846,51051,6270,25
2847,51053,19926,31
2848,51057,2089,51
2849,51059,648,43
2850,51061,1037,16
2851,51063,10795,3
2852,51065,4349,52
2853,51067,7689,15
2854,51069,5159,25
2855,51071,19261,27
2856,51073,12785,53
2857,51075,135,41
2858,51077,1268,48
2859,51079,18240,18
2860,51081,16112,50
2861,51083,18141,34
2862,51085,5862,9
2863,51087,1397,48
2864,51089,13162,4
2865,51091,8897,2
2866,51093,13200,22
2867,51095,13091,50
2868,51097,6350,62
2869,51099,5152,41
2870,51101,8297,39
2871,51103,11241,3
2872,51105,1416,63
2873,51107,590,24
2874,51109,10106,17
2875,51111,19895,8
2876,51113,293,37
2877,51115,1861,2
2878,51117,15493,26
2879,51119,13475,35
2880,51121,15660,17
2881,51125,14368,46
2882,51127,8943,57
2883,51131,6657,35
2884,51133,6668,40
2885,51135,2961,45
2886,51137,12060,50
2887,51139,16239,53
2888,51141,12120,6
2889,51143,1163,10
2890,51145,16986,25
2891,51147,15021,53
2892,51149,4505,6
2893,51153,10530,11
2894,51155,7940,7
2895,51157,17789,33
2896,51159,6392,57
2897,51161,10191,4
2898,51163,764,50
2899,51165,18219,27
2900,51167,8780,5
2901,51169,5245,42
2902,51171,15998,16
2903,51173,18957,63
2904,51175,7149,63
2905,51177,7324,11
2906,51179,11194,63
2907,51181,11387,9
2908,51183,1982,29
2909,51185,17007,43
2910,51187,8379,17
2911,51191,16401,35
2912,51193,3823,48
2913,51195,5665,30
2914,51197,8034,45
2915,51199,16071,60
2916,51510,14873,3
2917,51515,6197,22
2918,51520,2495,7
2919,51530,1311,26
2920,51540,8388,31
2921,51550,12088,6
2922,51570,6395,2
2923,51580,8240,37
2924,51590,4479,55
2925,51595,17682,5
2926,51600,12101,44
2927,51610,18512,62
2928,51620,1522,53
2929,51630,14796,47
2930,51640,11196,14
2931,51650,19416,6
2932,51660,19063,38
2933,51670,10845,12
2934,51678,16417,36
2935,51680,11556,42
2936,51683,1708,39
2937,51685,4877,11
2938,51690,14082,39
2939,51700,17303,45
2940,51710,5258,43
2941,51720,13661,60
2942,51730,10660,48
2943,51735,12621,49
2944,51740,7289,53
2945,51750,17446,59
2946,51760,19900,27
2947,51770,8040,46
2948,51775,8916,31
2949,51790,2350,54
2950,51800,13188,20
2951,51810,7122,12
2952,51820,9603,0
2953,51830,4331,16
2954,51840,9529,1
2955,53001,10207,8
2956,53003,7685,40
2957,53005,13148,40
2958,53007,3192,23
2959,53009,2374,26
2960,53011,17993,52
2961,53013,957,41
2962,53015,8350,20
2963,53017,15228,17
2964,53019,14865,3
2965,53021,14543,4
2966,53023,4756,42
2967,53025,9391,40
2968,53027,3392,40
2969,53029,9730,55
2970,53031,11998,42
2971,53033,19904,9
2972,53035,13966,53
2973,53037,5290,14
2974,53039,17582,34
2975,53041,7095,48
2976,53043,9691,54
2977,53045,4252,25
2978,53047,8562,46
2979,53049,13789,15
2980,53051,2605,12
2981,53053,13573,63
2982,53055,727,18
2983,53057,10068,11
2984,53059,19665,14
2985,53061,16896,63
2986,53063,12195,34
2987,53065,6827,16
2988,53067,6583,36
2989,53069,8888,36
2990,53071,389,22
2991,53073,15741,46
2992,53075,3916,38
2993,53077,11152,32
2994,54001,17690,55
2995,54003,16906,50
2996,54005,4977,60
2997,54007,19575,30
2998,54009,15151,11
2999,54011,9964,31
3000,54013,16470,19
3001,54015,13779,37
3002,54017,12118,9
3003,54019,10672,41
3004,54021,16995,38
3005,54023,16939,8
3006,54025,4546,24
3007,54027,4578,45
3008,54029,14245,31
3009,54031,13526,42
3010,54033,8386,51
3011,54035,5255,14
3012,54037,16158,0
3013,54039,5010,50
3014,54041,15033,54
3015,54043,3049,52
3016,54045,1518,40
3017,54047,2192,13
3018,54049,8956,36
3019,54051,19920,33
3020,54053,14306,54
3021,54055,9263,48
3022,54057,18171,3
3023,54059,721,31
3024,54061,2726,43
3025,54063,14623,8
3026,54065,5920,56
3027,54067,16297,9
3028,54069,13962,35
3029,54071,511,1
3030,54073,3904,5
3031,54075,12218,47
3032,54077,13475,8
3033,54079,18780,50
3034,54081,4277,14
3035,54083,6377,49
3036,54085,9903,62
3037,54087,14048,3
3038,54089,19249,7
3039,54091,3055,39
3040,54093,14786,19
3041,54095,18498,47
3042,54097,11259,61
3043,54099,6140,36
3044,54101,4017,48
3045,54103,9056,55
3046,54105,10574,56
3047,54107,13268,37
3048,54109,12011,3
3049,55001,11872,37
3050,55003,5690,26
3051,55005,18203,5
3052,55007,2630,32
3053,55009,18853,32
3054,55011,7683,38
3055,55013,3800,2
3056,55015,1156,4
3057,55017,18244,63
3058,55019,19802,19
3059,55021,6616,35
3060,55023,13888,21
3061,55025,5351,61
3062,55027,10827,13
3063,55029,432,37
3064,55031,14320,9
3065,55033,7838,20
3066,55035,11146,48
3067,55037,8694,48
3068,55039,1420,30
3069,55041,9244,24
3070,55043,15263,7
3071,55045,8073,28
3072,55047,17915,44
3073,55049,8175,34
3074,55051,390,48
3075,55053,17526,37
3076,55055,13515,16
3077,55057,5318,43
3078,55059,10679,2
3079,55061,5766,10
3080,55063,7439,20
3081,55065,6371,1
3082,55067,3090,0
3083,55069,18265,22
3084,55071,6394,20
3085,55073,3835,45
3086,55075,11406,31
3087,55077,7927,57
3088,55078,13951,18
3089,55079,13450,28
3090,55081,10411,52
3091,55083,7983,21
3092,55085,4264,41
3093,55087,3508,20
3094,55089,8665,31
3095,55091,16254,43
3096,55093,19023,31
3097,55095,12250,19
3098,55097,15563,12
3099,55099,19151,42
3100,55101,19333,36
3101,55103,7643,59
3102,55105,16123,2
3103,55107,18655,3
3104,55109,4578,34
3105,55111,15467,27
3106,55113,18292,15
3107,55115,16255,19
3108,55117,5291,57
3109,55119,18479,34
3110,55121,17085,39
3111,55123,16094,21
3112,55125,10502,6
3113,55127,898,37
3114,55129,9325,16
3115,55131,1474,43
3116,55133,18973,31
3117,55135,4715,60
3118,55137,12556,1
3119,55139,11310,44
3120,55141,9586,18
3121,56001,13983,47
3122,56003,17583,35
3123,56005,15825,45
3124,56007,15053,56
3125,56009,1570,36
3126,56011,19063,56
3127,56013,10195,18
3128,56015,16724,51
3129,56017,7868,51
3130,56019,4613,41
3131,56021,7019,47
3132,56023,14834,44
3133,56025,17066,9
3134,56027,10586,53
3135,56029,3556,52
3136,56031,6362,38
3137,56033,5711,6
3138,56035,7099,57
3139,56037,7935,18
3140,56039,5861,37
3141,56041,7734,40
3142,56043,11656,24
3143,56045,3132,51
